TimeStep,InitialEnergy,FinalEnergy,RelativeError
0.001,,,nan
0.002,,,nan
0.003,,,nan
0.004,,,nan
0.005,,,nan
0.006,,,nan
0.007,,,nan
0.008,,,nan
0.009000000000000001,,,nan
0.010000000000000002,,,nan
0.011,,,nan
0.012,,,nan
0.013000000000000001,,,nan
0.014000000000000002,,,nan
0.015,,,nan
0.016,,,nan
0.017,,,nan
0.018000000000000002,,,nan
0.019000000000000003,,,nan
0.02,,,nan
0.021,,,nan
0.022000000000000002,,,nan
0.023,,,nan
0.024,,,nan
0.025,,,nan
0.026000000000000002,,,nan
0.027000000000000003,,,nan
0.028,,,nan
0.029,,,nan
0.030000000000000002,,,nan
0.031,,,nan
0.032,,,nan
0.033,,,nan
0.034,,,nan
0.035,,,nan
0.036000000000000004,,,nan
0.037000000000000005,,,nan
0.038,,,nan
0.039,,,nan
0.04,,,nan
0.041,,,nan
0.042,,,nan
0.043000000000000003,,,nan
0.044000000000000004,,,nan
0.045,,,nan
0.046,,,nan
0.047,,,nan
0.048,,,nan
0.049,,,nan
0.05,,,nan
0.051000000000000004,,,nan
0.052000000000000005,,,nan
0.053000000000000005,,,nan
0.054,,,nan
0.055,,,nan
0.056,,,nan
0.057,,,nan
0.058,,,nan
0.059000000000000004,,,nan
0.060000000000000005,,,nan
0.061,,,nan
0.062,,,nan
